Layer,Name,GEOID,Population,Longitude,Latitude,POV_2020-2024,POV_2020-2024_se
,,,,,,"Poverty rate (% of residents), 2020-2024",(Standard error)
Census tract,Tract 101,17031010100,4905,-87.66983010,42.02125530,13.302416402245546,3.806022420443832
Census tract,Tract 102.01,17031010201,6939,-87.68014840,42.01600770,24.70076169749728,5.348417634785214
Census tract,Tract 102.02,17031010202,2742,-87.67332560,42.01604760,26.02552415679125,3.19819370075825
Census tract,Tract 103,17031010300,6305,-87.66653930,42.01594310,13.433647570703409,3.4430520318567637
Census tract,Tract 104,17031010400,5079,-87.65881570,42.00641090,10.971685971685972,3.0234860691580008
Census tract,Tract 105.01,17031010501,4206,-87.66395830,42.00941190,16.030123722431412,2.3355890208106596
Census tract,Tract 105.02,17031010502,3278,-87.66332730,42.00451730,18.2875605815832,3.466787231361831
Census tract,Tract 105.03,17031010503,2565,-87.66312620,42.00032070,41.74827711280377,6.316410652789089
Census tract,Tract 106,17031010600,6225,-87.66768300,42.00627740,16.330420969023034,4.448230611772231
Census tract,Tract 107.01,17031010701,3673,-87.67862040,42.00914820,10.322024151811386,2.9409851237996576
Census tract,Tract 107.02,17031010702,4776,-87.67272570,42.00901990,14.41251056635672,5.893244152821039
Census tract,Tract 201,17031020100,4202,-87.68711690,42.01572100,18.225534984371244,5.70698645619919
Census tract,Tract 202,17031020200,7128,-87.69951910,42.01569030,4.9966953073364175,1.4418553681084256
Census tract,Tract 203.01,17031020301,5261,-87.70518650,42.00686510,14.55314009661836,4.727385379586177
Census tract,Tract 203.02,17031020302,5010,-87.69496340,42.00854060,12.875900042354935,3.1791299791816283
Census tract,Tract 204,17031020400,4435,-87.68591180,42.00848800,13.934237755805931,3.8215749965067105
Census tract,Tract 205,17031020500,6599,-87.68419820,42.00131290,45.321591445195786,7.952604937448156
Census tract,Tract 206.01,17031020601,6699,-87.70180250,42.00087460,32.58337322482846,5.10155306875792
Census tract,Tract 206.02,17031020602,4662,-87.69363730,42.00131560,19.632414369256477,2.558592608736371
Census tract,Tract 207.01,17031020701,1879,-87.70368970,41.98689150,8.314479638009049,4.9775149932007725
Census tract,Tract 207.02,17031020702,7717,-87.70489390,41.99412560,15.638121898460364,4.064894369746845
Census tract,Tract 208.01,17031020801,5648,-87.69441490,41.98680810,8.195798949737435,2.2035560286394067
Census tract,Tract 208.02,17031020802,7546,-87.69463060,41.99405920,22.99261910087229,7.258515403978119
Census tract,Tract 209.01,17031020901,5848,-87.68547360,41.99439220,18.765984654731454,5.893882506267679
Census tract,Tract 209.02,17031020902,4488,-87.67868410,41.99425850,24.006668519033063,7.017178883702561
Census tract,Tract 301.01,17031030101,3687,-87.65487900,41.99105380,16.24466571834993,4.2645230178491005
Census tract,Tract 301.02,17031030102,3121,-87.65502250,41.99302640,24.80689245395128,6.333968597207182
Census tract,Tract 301.03,17031030103,2104,-87.65515270,41.99552410,25.426039536468988,6.3192866520531945
Census tract,Tract 301.04,17031030104,3521,-87.65598640,41.99727730,25.394235997824904,3.693094309417574
Census tract,Tract 302,17031030200,5627,-87.66523000,41.99444140,14.949879018320084,4.849710597420408
Census tract,Tract 303,17031030300,3148,-87.67253480,41.99438750,15.663058186738835,3.7463640206882785
Census tract,Tract 304,17031030400,2597,-87.67207880,41.98695150,14.653902798232696,5.6290668797479135
Census tract,Tract 305,17031030500,6183,-87.66493590,41.98722600,6.030701754385965,1.9429052379896397
Census tract,Tract 306.01,17031030601,3293,-87.65460870,41.98897160,18.63169280692266,2.92569352370678
Census tract,Tract 306.03,17031030603,2045,-87.65839790,41.98547620,26.115618661257606,9.047063348508878
Census tract,Tract 306.04,17031030604,3737,-87.65245460,41.98587070,21.38951431328401,4.724079585641379
Census tract,Tract 307.01,17031030701,1671,-87.65796590,41.98274530,27.21849366144668,5.145538408436587
Census tract,Tract 307.02,17031030702,2318,-87.65452860,41.98081480,20.74546346248161,4.720000286782342
Census tract,Tract 307.03,17031030703,3075,-87.65787080,41.97887490,19.833178869323447,4.687291710732846
Census tract,Tract 307.06,17031030706,2933,-87.65091550,41.98041510,8.906882591093117,2.5878125620055914
Census tract,Tract 308,17031030800,4284,-87.66418800,41.97991230,9.896768402154398,3.5246288832720194
Census tract,Tract 309,17031030900,2952,-87.67144540,41.97979510,5.432451751250893,1.8728000410193197
Census tract,Tract 310,17031031000,3868,-87.67110940,41.97243700,6.576354679802956,2.7407545692584283
Census tract,Tract 311,17031031100,4691,-87.66386620,41.97266840,9.754613668627051,2.928372159938287
Census tract,Tract 312,17031031200,5541,-87.65734100,41.97270920,34.41971383147854,6.715861300178145
Census tract,Tract 313,17031031300,6719,-87.64652980,41.97376460,19.97563946406821,4.383710432021866
Census tract,Tract 314,17031031400,5221,-87.64240950,41.95844750,4.387732258786658,1.4254497056996402
Census tract,Tract 315.01,17031031501,4155,-87.65243430,41.96728860,45.86513994910941,7.866120637251773
Census tract,Tract 315.02,17031031502,4712,-87.65236560,41.96363260,31.01436265709156,7.117562716746251
Census tract,Tract 317,17031031700,6294,-87.66319540,41.96544660,5.318039624608968,1.7667857138404068
Census tract,Tract 318,17031031800,1910,-87.67062090,41.96701140,13.654390934844193,6.378833066088477
Census tract,Tract 319,17031031900,2522,-87.67018410,41.96337400,4.258738449176376,1.404928030665868
Census tract,Tract 321,17031032100,7543,-87.65301790,41.95815380,15.87870434183322,3.150260046415875
Census tract,Tract 401,17031040100,3905,-87.68288560,41.98562230,3.92875851231011,1.6646200450705109
Census tract,Tract 402.01,17031040201,6408,-87.69400050,41.97258040,9.079320113314449,3.922956572940273
Census tract,Tract 402.02,17031040202,7318,-87.69409600,41.97985490,15.600512893574583,3.597759334587409
Census tract,Tract 403,17031040300,2928,-87.70198320,41.97694370,6.254319281271596,2.1029929396785416
Census tract,Tract 404.01,17031040401,3129,-87.68608160,41.97206670,7.207207207207207,2.0256987495593117
Census tract,Tract 404.02,17031040402,4746,-87.67881810,41.97254500,16.488477072938938,6.0680746824869525
Census tract,Tract 406,17031040600,2530,-87.68401800,41.96683380,6.34668782229274,3.1174130083522402
Census tract,Tract 407,17031040700,3426,-87.69406820,41.96743140,9.356246590289144,3.415925631049134
Census tract,Tract 408,17031040800,1636,-87.69182130,41.96397400,1.4423076923076923,0.7239060842788982
Census tract,Tract 409,17031040900,2063,-87.68385440,41.96318470,6.500445235975066,2.3086264802975025
Census tract,Tract 501,17031050100,2568,-87.67637300,41.95784510,5.177993527508091,2.2117209192813685
Census tract,Tract 502,17031050200,5309,-87.68371680,41.95774050,7.386557488911634,3.7787213035671905
Census tract,Tract 503,17031050300,2671,-87.69044420,41.95788510,4.314122008763061,1.959577247115378
Census tract,Tract 505,17031050500,5117,-87.68350730,41.95044740,2.317563685117794,0.8739609453872146
Census tract,Tract 506,17031050600,2443,-87.67618240,41.95054770,5.454545454545454,2.5376009606467065
Census tract,Tract 507,17031050700,1513,-87.67605950,41.94507100,10.136054421768709,3.9695766567056614
Census tract,Tract 508,17031050800,1406,-87.68092790,41.94500950,1.9337016574585637,1.183474453222083
Census tract,Tract 509,17031050900,1426,-87.68577800,41.94494660,4.6263345195729535,2.5709011355941276
Census tract,Tract 510,17031051000,1538,-87.68573170,41.94130240,3.1687995124923827,2.696083873781547
Census tract,Tract 511,17031051100,1599,-87.68082660,41.94136520,8.28819068255688,2.599000273460622
Census tract,Tract 512,17031051200,1581,-87.67595360,41.94142240,6.39300134589502,2.276283638646848
Census tract,Tract 513,17031051300,2907,-87.67583950,41.93599710,2.170818505338078,0.9458072246575392
Census tract,Tract 514,17031051400,2492,-87.68095940,41.93544200,6.101304681504221,2.2589059739838
Census tract,Tract 601,17031060100,2830,-87.66661120,41.95753110,3.523316062176165,1.5626298121214226
Census tract,Tract 602,17031060200,2313,-87.67151750,41.95790360,5.83639705882353,2.059316004146433
Census tract,Tract 603,17031060300,3076,-87.67133270,41.95060490,3.042198233562316,1.655972415541316
Census tract,Tract 604,17031060400,3709,-87.66653640,41.95067310,3.2833286159071613,1.3125224875115906
Census tract,Tract 605,17031060500,1374,-87.66050080,41.95272000,22.88519637462236,3.4590086158830036
Census tract,Tract 608,17031060800,5295,-87.64264890,41.95395900,8.886015148716055,2.2722146237387535
Census tract,Tract 609,17031060900,7104,-87.64177840,41.95151660,9.913497185225868,2.780907684408371
Census tract,Tract 610,17031061000,2279,-87.65197030,41.94922060,12.215411558669002,2.4766492946214598
Census tract,Tract 611,17031061100,1367,-87.65680350,41.94913980,5.701754385964912,2.237365732624843
Census tract,Tract 612,17031061200,1932,-87.66164270,41.94905990,3.751284686536485,1.088853571640341
Census tract,Tract 615,17031061500,1797,-87.66154470,41.94528180,10.049972237645752,4.712432475228722
Census tract,Tract 618,17031061800,1051,-87.64711470,41.94649010,9.671361502347418,2.8249446501871422
Census tract,Tract 619.01,17031061901,3625,-87.64346790,41.94323050,24.292262065246696,5.718635602022041
Census tract,Tract 619.02,17031061902,4665,-87.63906450,41.94669850,8.011351233355162,3.0282996939995814
Census tract,Tract 620,17031062000,2843,-87.64707860,41.94257690,9.23535253227408,2.5081162083265247
Census tract,Tract 621,17031062100,3817,-87.65177040,41.94269140,9.476698776360324,2.8895586698045626
Census tract,Tract 622,17031062200,3244,-87.65664400,41.94258470,4.905418403334402,1.2706186908026917
Census tract,Tract 623,17031062300,1667,-87.66144320,41.94162780,4.260651629072681,2.0529660720522256
Census tract,Tract 624,17031062400,1673,-87.66628820,41.94155560,10.704381586245146,2.7567872547231547
Census tract,Tract 625,17031062500,1675,-87.67110730,41.94148800,10.801393728222996,4.032164493816913
Census tract,Tract 626,17031062600,2477,-87.67098430,41.93597510,2.416918429003021,1.1256271290669997
Census tract,Tract 627,17031062700,2955,-87.66611030,41.93608620,11.348422059292318,2.966063842334209
Census tract,Tract 628,17031062800,3851,-87.66126480,41.93615860,3.0209933435739886,0.9680265922787694
Census tract,Tract 629,17031062900,4125,-87.65641130,41.93623700,4.300567107750473,1.7134643568109744
Census tract,Tract 630,17031063000,3417,-87.65156170,41.93631020,7.472959685349066,2.251127635111219
Census tract,Tract 631,17031063100,2376,-87.64677990,41.93823190,7.02054794520548,2.2309146964402293
Census tract,Tract 632,17031063200,6900,-87.63467260,41.93892310,2.6033918476643856,1.1099044250435206
Census tract,Tract 633.01,17031063301,2833,-87.64302390,41.93454070,21.497584541062803,4.149059139646582
Census tract,Tract 633.02,17031063302,4577,-87.63985400,41.93476470,5.277650298301973,1.9290651909489678
Census tract,Tract 633.03,17031063303,1274,-87.63466130,41.93473120,9.72972972972973,3.150076029134942
Census tract,Tract 634,17031063400,2417,-87.64673000,41.93465960,8.73440285204991,3.1027600283714505
Census tract,Tract 701.01,17031070101,4171,-87.63232470,41.92952250,12.1159130652011,3.8981711327729887
Census tract,Tract 701.02,17031070102,3063,-87.64220200,41.93058280,4.375,2.636199023230502
Census tract,Tract 701.03,17031070103,1845,-87.64260510,41.92681100,9.267965077233043,2.3274453869280887
Census tract,Tract 702,17031070200,4200,-87.64629300,41.92907770,11.58974358974359,3.9417817220873013
Census tract,Tract 703,17031070300,4349,-87.65131030,41.92904620,11.749859786876051,4.463012843591346
Census tract,Tract 704,17031070400,3250,-87.65615630,41.92896720,15.29274686862802,3.3341020327599478
Census tract,Tract 705,17031070500,3322,-87.66089220,41.92894550,4.857898215465962,4.1017547644136085
Census tract,Tract 706,17031070600,3449,-87.66567660,41.92876270,6.269772792637331,3.23768247053898
Census tract,Tract 707,17031070700,3699,-87.67410380,41.93065210,8.872458410351202,2.5370969981296616
Census tract,Tract 710,17031071000,4357,-87.65591140,41.92170110,7.585335018963338,2.1091201928761816
Census tract,Tract 711,17031071100,3091,-87.65106140,41.92177780,12.198019801980198,5.783615528416576
Census tract,Tract 712,17031071200,2973,-87.64621060,41.92185470,11.315315315315315,4.210673078245712
Census tract,Tract 713,17031071300,3893,-87.64145780,41.92177940,10.065486296386126,5.125361636364324
Census tract,Tract 714,17031071400,4962,-87.62952590,41.92272550,16.636690647482013,3.7909085028788523
Census tract,Tract 715,17031071500,6282,-87.62509230,41.91424150,1.0397665085735133,0.6250527036875547
Census tract,Tract 716,17031071600,1793,-87.64118230,41.91647220,3.252944475602917,1.567512898885771
Census tract,Tract 717,17031071700,1660,-87.64107170,41.91286660,8.036253776435046,4.626608347860249
Census tract,Tract 718,17031071800,2652,-87.64596600,41.91458550,3.3216783216783217,1.9148397726863637
Census tract,Tract 801,17031080100,6388,-87.62679000,41.90754870,10.881478002191953,3.2724171856108595
Census tract,Tract 802.01,17031080201,3375,-87.63100510,41.90949760,3.3952408589669183,1.2926365006579204
Census tract,Tract 802.02,17031080202,4225,-87.63090100,41.90585890,9.781790820165538,2.6400413606520496
Census tract,Tract 803,17031080300,5499,-87.63579870,41.90748990,8.474020652352074,2.067370670414262
Census tract,Tract 804,17031080400,4569,-87.64090150,41.90741230,28.014118521270664,7.61513807671604
Census tract,Tract 810,17031081000,8746,-87.63210890,41.90026550,14.334961218040792,4.8637655920931255
Census tract,Tract 811,17031081100,4187,-87.62910490,41.90022110,16.516064257028113,3.981473182308251
Census tract,Tract 812.01,17031081201,5080,-87.62621200,41.89915380,6.971375807940905,2.1023981622860486
Census tract,Tract 812.02,17031081202,3357,-87.62423740,41.90437690,5.798343330477007,1.4608948677706335
Census tract,Tract 813,17031081300,5540,-87.62075310,41.89833540,7.608695652173914,1.8166746768197684
Census tract,Tract 814.01,17031081401,2508,-87.61971750,41.89503470,11.029711029711027,2.944315912194875
Census tract,Tract 814.02,17031081402,7052,-87.61293100,41.89102150,2.093614475848662,1.3824934318045445
Census tract,Tract 814.03,17031081403,9843,-87.62095600,41.89299080,8.590030123408804,3.164528341335805
Census tract,Tract 815,17031081500,5917,-87.62607870,41.89290640,10.929696504033808,3.7619143283630607
Census tract,Tract 816,17031081600,4168,-87.62887080,41.89205720,3.8436195914781455,1.9610627085206764
Census tract,Tract 817,17031081700,5537,-87.63183160,41.89221850,7.576051152877349,2.5709370043579503
Census tract,Tract 818,17031081800,11373,-87.63918950,41.89332430,7.95799127283485,2.705485797787826
Census tract,Tract 819,17031081900,1325,-87.64148700,41.89799000,9.01386748844376,3.181054093345846
Census tract,Tract 901,17031090100,3585,-87.81358720,42.01525520,11.522287636669471,3.4765332274106155
Census tract,Tract 902,17031090200,6626,-87.81309610,42.00559400,5.968570565125416,2.422158057966965
Census tract,Tract 903,17031090300,1314,-87.81636440,41.99911270,9.710896960711638,3.462586849870159
Census tract,Tract 1001,17031100100,5538,-87.78301360,41.98958400,9.367521367521366,3.993008719190186
Census tract,Tract 1002,17031100200,7024,-87.79425890,41.99577340,3.640937375877135,1.4348645963695557
Census tract,Tract 1003,17031100300,6252,-87.80425970,41.98873300,8.26683689754229,4.083120856443704
Census tract,Tract 1004,17031100400,3207,-87.81804110,41.98896870,2.149253731343284,0.847271988585487
Census tract,Tract 1005,17031100500,6116,-87.81973140,41.97804530,1.1256720430107527,0.5460048095086658
Census tract,Tract 1006,17031100600,4897,-87.79740070,41.97920490,7.969205160216395,3.2127795337375358
Census tract,Tract 1007,17031100700,4967,-87.79762950,41.97212350,6.579194001874414,3.5293508101369433
Census tract,Tract 1101,17031110100,5568,-87.76967290,41.98747560,7.26695311040538,3.8030025284086024
Census tract,Tract 1102,17031110200,2772,-87.77344420,41.98006990,8.403361344537815,2.407590004240021
Census tract,Tract 1103,17031110300,5348,-87.78323490,41.97529070,2.5081998842369284,0.8865079535102838
Census tract,Tract 1104,17031110400,4522,-87.77261140,41.97295360,2.884201463624623,0.9504261940818478
Census tract,Tract 1105.01,17031110501,4786,-87.76192490,41.97700230,4.951884522854852,1.6836268987919438
Census tract,Tract 1105.02,17031110502,3220,-87.75985230,41.97028650,10.088093208297812,2.8540294772841364
Census tract,Tract 1201,17031120100,4402,-87.77500650,42.00198170,2.5140977443609023,0.9667214013525445
Census tract,Tract 1202,17031120200,4748,-87.75761080,41.99453190,4.043478260869565,2.0845142444779308
Census tract,Tract 1203,17031120300,6920,-87.74006600,41.99111220,5.115747356387539,2.5863800851738987
Census tract,Tract 1204,17031120400,3526,-87.75216240,41.97723540,7.690380761523046,3.6776821969809226
Census tract,Tract 1301,17031130100,5205,-87.72080890,41.99110400,20.416827479737552,7.399257374350666
Census tract,Tract 1302,17031130200,1403,-87.73757330,41.98183780,15.208034433285508,7.70184822479181
Census tract,Tract 1303,17031130300,5083,-87.71339150,41.98655890,10.760517799352751,1.6953791812041583
Census tract,Tract 1401,17031140100,3464,-87.70580500,41.97120140,6.537396121883657,2.587695367142947
Census tract,Tract 1402,17031140200,5834,-87.71300430,41.97069490,15.150913423351868,4.265209283745032
Census tract,Tract 1403.01,17031140301,2693,-87.72316950,41.96920550,24.016332590942834,7.439058538012956
Census tract,Tract 1403.02,17031140302,4060,-87.72375610,41.97249380,6.233681462140992,2.1138760468555216
Census tract,Tract 1404,17031140400,6503,-87.73894290,41.97153710,12.102564102564102,5.704645300937974
Census tract,Tract 1405,17031140500,3451,-87.73183190,41.96536190,5.748175182481752,2.5041438344588247
Census tract,Tract 1406.01,17031140601,2545,-87.72589090,41.96464710,10.417511147142278,3.159955112033337
Census tract,Tract 1406.02,17031140602,5041,-87.72101660,41.96465200,23.27194451088256,5.981012911045423
Census tract,Tract 1407.01,17031140701,2784,-87.71265240,41.96703750,15.191637630662022,6.4752164986653735
Census tract,Tract 1407.02,17031140702,5535,-87.71357530,41.96354820,6.26953125,2.3099901248840387
Census tract,Tract 1408,17031140800,6486,-87.70284690,41.96451440,9.166103983794734,3.1879698015959113
Census tract,Tract 1502,17031150200,7434,-87.75241310,41.96067470,9.343775317310287,2.9719051288034035
Census tract,Tract 1503,17031150300,7120,-87.76228590,41.96051790,7.36575766095024,3.004930137494886
Census tract,Tract 1504.01,17031150401,4681,-87.77226480,41.96456760,18.342749529190208,7.290211067636827
Census tract,Tract 1504.02,17031150402,3831,-87.77204360,41.95679790,5.862860056079531,2.457705629421683
Census tract,Tract 1505.01,17031150501,3823,-87.78196390,41.96447620,6.099110546378653,1.5391722347761563
Census tract,Tract 1505.02,17031150502,4239,-87.78184140,41.95677840,9.2152466367713,3.330757096781574
Census tract,Tract 1506,17031150600,3882,-87.77175780,41.94947310,10.232903865213082,5.063820881797291
Census tract,Tract 1507,17031150700,4429,-87.76195800,41.94959150,6.510416666666667,2.5846247448331865
Census tract,Tract 1508,17031150800,4903,-87.75211820,41.94970860,8.426483233018056,2.864909621749952
Census tract,Tract 1510.01,17031151001,2833,-87.75435270,41.94238260,13.799768071124854,4.325084585299237
Census tract,Tract 1510.02,17031151002,4588,-87.74715540,41.94249170,17.90744466800805,4.717525455923098
Census tract,Tract 1511,17031151100,5140,-87.76171750,41.94229030,17.33382982684789,4.735807671834361
Census tract,Tract 1512,17031151200,3880,-87.77149530,41.94216900,8.752927400468383,2.773961970507642
Census tract,Tract 1601,17031160100,2444,-87.74279560,41.96462820,4.705432287681713,1.6405558665232012
Census tract,Tract 1602,17031160200,3278,-87.73839810,41.95879310,8.63568215892054,4.791644255959598
Census tract,Tract 1603,17031160300,3769,-87.73089580,41.95726810,15.20250998288648,3.0620902682804148
Census tract,Tract 1604,17031160400,4854,-87.72282380,41.95736570,18.213692563203544,7.792328155811331
Census tract,Tract 1605.01,17031160501,3703,-87.71297320,41.95920980,8.711691259931897,3.0523502064080024
Census tract,Tract 1605.02,17031160502,3300,-87.71308760,41.95558410,9.145898862811515,2.5422719762683825
Census tract,Tract 1606.01,17031160601,3380,-87.70329360,41.95939800,4.296490652673008,1.5663639250387453
Census tract,Tract 1606.02,17031160602,3481,-87.70046350,41.95668140,13.107080163838503,3.539068114171939
Census tract,Tract 1607,17031160700,5766,-87.70213470,41.95121770,8.262926664413653,2.4976159593661578
Census tract,Tract 1608,17031160800,4997,-87.71281460,41.95021310,5.672993960310613,1.9110643753568455
Census tract,Tract 1609,17031160900,2410,-87.72260820,41.95008210,5.958132045088567,1.9623702788781976
Census tract,Tract 1610,17031161000,1899,-87.73068290,41.94997660,8.450704225352112,4.603563069614989
Census tract,Tract 1611,17031161100,1940,-87.73815500,41.94988000,6.465517241379311,4.228361554498402
Census tract,Tract 1612,17031161200,2820,-87.73857010,41.94254890,25.237927388086007,6.798820148154364
Census tract,Tract 1613,17031161300,3899,-87.73100230,41.94269940,14.909090909090908,3.7065758484041758
Census tract,Tract 1701,17031170100,2034,-87.79481680,41.95585960,27.861211807353705,8.671080921483101
Census tract,Tract 1702,17031170200,3812,-87.78151880,41.94935280,4.84097945398255,1.781235972424713
Census tract,Tract 1703,17031170300,5216,-87.79682780,41.94912480,4.319699499165275,1.4332096445885085
Census tract,Tract 1704,17031170400,4141,-87.81271070,41.94890810,5.269638020192071,2.0243276133983685
Census tract,Tract 1705,17031170500,5316,-87.82889570,41.95007790,1.9595835884874464,1.4123081785961782
Census tract,Tract 1706,17031170600,2551,-87.83070160,41.94129430,13.36,3.025127531554016
Census tract,Tract 1707,17031170700,3068,-87.82216400,41.94148660,3.370448390009028,1.2859850687522025
Census tract,Tract 1708,17031170800,3799,-87.81237130,41.94157610,12.463199214916584,3.366276315904202
Census tract,Tract 1709,17031170900,1662,-87.81160570,41.93619580,25.24271844660194,14.493474951594889
Census tract,Tract 1710,17031171000,7313,-87.79652380,41.94180720,10.31078018776303,4.025561358248562
Census tract,Tract 1711,17031171100,4235,-87.78128650,41.94205280,11.609907120743031,3.260607919136562
Census tract,Tract 1801,17031180100,6656,-87.79863170,41.93448510,14.48455850369726,4.871183412888118
Census tract,Tract 1901,17031190100,2325,-87.74438890,41.93521760,7.09863805200165,2.1507153808169206
Census tract,Tract 1902,17031190200,5652,-87.75164890,41.93511360,14.058073654390936,5.640719576430519
Census tract,Tract 1903,17031190300,5738,-87.76146350,41.93498640,17.562849162011172,5.2088083346192455
Census tract,Tract 1904.01,17031190401,4325,-87.78095240,41.93472760,9.304143862392497,3.964337372808149
Census tract,Tract 1904.02,17031190402,5294,-87.77123180,41.93485960,11.200873362445416,2.376359781980959
Census tract,Tract 1906.01,17031190601,4382,-87.78046060,41.92741460,12.283506528110845,5.915501383104469
Census tract,Tract 1906.02,17031190602,5378,-87.77073710,41.92756040,16.122560641984315,4.756458446730815
Census tract,Tract 1907.01,17031190701,2972,-87.76142170,41.92979590,5.774962742175857,2.755031965174692
Census tract,Tract 1907.02,17031190702,4952,-87.76103950,41.92616310,28.52914389799636,6.2930361505858725
Census tract,Tract 1908,17031190800,6831,-87.75136240,41.92781860,12.202932749030843,3.176592911496707
Census tract,Tract 1909,17031190900,1927,-87.74410480,41.92792250,7.920792079207921,2.609373850735803
Census tract,Tract 1910,17031191000,2422,-87.74380100,41.91922970,11.616818378846988,3.9027797374132787
Census tract,Tract 1911,17031191100,7533,-87.75097630,41.91962930,32.448849104859335,11.564636160692256
Census tract,Tract 1912,17031191200,3810,-87.76082690,41.92014320,33.613887427669646,11.329959990144408
Census tract,Tract 1913.01,17031191301,5214,-87.78026550,41.92015220,8.257825370675453,2.8115095844850777
Census tract,Tract 1913.02,17031191302,4940,-87.77053340,41.92022890,9.865152590489709,3.9731760257493605
Census tract,Tract 2001,17031200100,4118,-87.73762260,41.93505520,14.954221770091555,5.7061537999186225
Census tract,Tract 2002,17031200200,5162,-87.73562820,41.92785230,13.149315366224734,4.408683126185835
Census tract,Tract 2003,17031200300,2015,-87.73412640,41.92348060,29.978471474703984,7.3960226597219885
Census tract,Tract 2004.01,17031200401,3743,-87.73754190,41.91982850,14.63963963963964,5.216004170175408
Census tract,Tract 2004.02,17031200402,4192,-87.72967890,41.91963480,6.441297396071266,2.565173229088035
Census tract,Tract 2101,17031210100,4066,-87.70054420,41.94465710,7.845013154747668,3.8437254434274397
Census tract,Tract 2104,17031210400,2912,-87.73030570,41.93574500,30.04349280695885,11.01264723716973
Census tract,Tract 2105.01,17031210501,3555,-87.72233010,41.93740130,28.665056916178,7.257882836582854
Census tract,Tract 2105.02,17031210502,4099,-87.72205240,41.93378460,16.72093023255814,6.186718642811048
Census tract,Tract 2106.01,17031210601,2717,-87.71221400,41.93763560,9.810387469084914,3.208521213345193
Census tract,Tract 2106.02,17031210602,4148,-87.71257200,41.93416300,12.278031456113649,3.5887113551510033
Census tract,Tract 2107,17031210700,3907,-87.70384010,41.93570290,4.404351286813479,1.463474208095394
Census tract,Tract 2108,17031210800,986,-87.69893340,41.93574550,4.664179104477612,1.7094557256021983
Census tract,Tract 2109,17031210900,3170,-87.69311820,41.93483720,11.143790849673204,3.999016385245173
Census tract,Tract 2203,17031220300,2207,-87.69508630,41.92846470,7.903454803596782,2.8239819319986244
Census tract,Tract 2204,17031220400,2579,-87.69996840,41.92843140,12.22532960447463,4.064206280726722
Census tract,Tract 2205,17031220500,2751,-87.70498770,41.92833430,9.80256321440942,2.961889695371069
Census tract,Tract 2206.01,17031220601,1635,-87.71288360,41.92582520,1.488095238095238,0.8226544389861433
Census tract,Tract 2206.02,17031220602,4877,-87.71208600,41.92939600,13.737652193889272,3.876578965092587
Census tract,Tract 2207.01,17031220701,2920,-87.72156510,41.92615540,10.206944931602946,3.6824671706345815
Census tract,Tract 2207.02,17031220702,3653,-87.72423130,41.92936870,6.149870801033592,2.203701053963404
Census tract,Tract 2209.01,17031220901,2903,-87.72124830,41.91918160,10.980917308336124,2.8962550456870924
Census tract,Tract 2209.02,17031220902,2959,-87.72183570,41.92271120,16.589403973509935,6.079277304921683
Census tract,Tract 2210,17031221000,2432,-87.71525260,41.92096040,14.13738019169329,2.6706348444516927
Census tract,Tract 2211,17031221100,4440,-87.71036090,41.92102050,14.350912778904664,3.1524348692011293
Census tract,Tract 2212,17031221200,2954,-87.70464990,41.92108310,21.059431524547804,11.495259267911669
Census tract,Tract 2213,17031221300,3062,-87.69975410,41.92112560,13.488880787458989,4.83880655714742
Census tract,Tract 2214,17031221400,3385,-87.69453200,41.92080130,8.881469115191987,4.028852139606597
Census tract,Tract 2215,17031221500,2909,-87.68995130,41.92164680,9.391411801050356,2.9024723708685087
Census tract,Tract 2216,17031221600,3159,-87.68509710,41.92124780,6.01060695344726,2.3954957326157977
Census tract,Tract 2222,17031222200,2156,-87.68382620,41.91590950,3.8175046554934826,2.0382792855703866
Census tract,Tract 2225,17031222500,1415,-87.69958740,41.91568250,8.818770226537216,2.364179045333578
Census tract,Tract 2226,17031222600,1599,-87.70447980,41.91563880,6.96245733788396,2.962940612624818
Census tract,Tract 2227,17031222700,2082,-87.71020580,41.91550090,20.993117010816125,9.971923964358787
Census tract,Tract 2228,17031222800,960,-87.71509530,41.91543490,22.18649517684888,7.245732310643773
Census tract,Tract 2229,17031222900,1089,-87.72007440,41.91556440,8.539709649871904,3.7812955834454085
Census tract,Tract 2301,17031230100,1504,-87.70436550,41.91200800,28.43007915567282,7.12079347801415
Census tract,Tract 2302,17031230200,1834,-87.71008440,41.91186880,15.030991735537192,7.722336032332763
Census tract,Tract 2303,17031230300,956,-87.71498840,41.91178660,25.232678386763187,8.527008191626228
Census tract,Tract 2304,17031230400,2235,-87.72155190,41.91182020,18.897266729500476,9.820574543303835
Census tract,Tract 2305,17031230500,3419,-87.73394340,41.91168920,25.78273890552682,6.702487138335134
Census tract,Tract 2306,17031230600,6817,-87.73399860,41.90615500,19.80853327029902,6.899725040752225
Census tract,Tract 2307,17031230700,6218,-87.72153970,41.90632290,42.20287660862982,13.323192963736748
Census tract,Tract 2308,17031230800,1234,-87.71495300,41.90583960,14.732593340060546,3.63460005049064
Census tract,Tract 2309,17031230900,5044,-87.71035050,41.90669180,24.82180293501048,6.13452495972227
Census tract,Tract 2311,17031231100,1214,-87.71506840,41.89925420,12.5,4.104205451446282
Census tract,Tract 2312,17031231200,5983,-87.72131530,41.89906140,45.14003294892916,9.739528561277206
Census tract,Tract 2315,17031231500,5655,-87.71865250,41.89173570,26.220016542597183,5.389816061604461
Census tract,Tract 2402,17031240200,1556,-87.67018160,41.91244170,8.250438853130486,3.5387777523459167
Census tract,Tract 2403,17031240300,1362,-87.67506770,41.91236930,2.155504234026174,1.1546368129904987
Census tract,Tract 2405,17031240500,2610,-87.68362670,41.91196830,0.55817947617003,0.5190693554778132
Census tract,Tract 2406,17031240600,1489,-87.68971110,41.91213410,9.393232205367562,2.5284527087117685
Census tract,Tract 2407,17031240700,1499,-87.69459860,41.91208780,18.886679920477132,5.5817327403060855
Census tract,Tract 2408,17031240800,1687,-87.69948760,41.91204830,12.818877551020408,3.7525674081529456
Census tract,Tract 2409,17031240900,1122,-87.69862330,41.90484480,8.293075684380032,3.4564611179496785
Census tract,Tract 2410,17031241000,2363,-87.69453420,41.90796860,16.840946615299945,3.124645610108459
Census tract,Tract 2411,17031241100,3574,-87.68958010,41.90664030,13.96551724137931,3.1937419144557677
Census tract,Tract 2412,17031241200,1714,-87.68468570,41.90670700,11.176818450620935,3.0241319324212257
Census tract,Tract 2413,17031241300,1848,-87.68102500,41.90677160,9.56221198156682,4.7867102770888925
Census tract,Tract 2414,17031241400,5273,-87.67531370,41.90603120,4.795362726154927,1.6290608645581846
Census tract,Tract 2415,17031241500,2954,-87.67092980,41.90837400,4.117009750812568,1.3730242324487603
Census tract,Tract 2416,17031241600,3534,-87.66532770,41.90670970,13.601481873511512,6.1658188519443105
Census tract,Tract 2420,17031242000,4692,-87.66495360,41.89973710,6.726555652936021,1.7172318102342978
Census tract,Tract 2421,17031242100,3976,-87.66983750,41.89966980,5.8808016877637135,2.317917392064253
Census tract,Tract 2422,17031242200,4082,-87.67471880,41.89958930,3.443328550932568,1.7260029713117335
Census tract,Tract 2423,17031242300,3568,-87.67960030,41.89950650,9.600997506234414,3.279305218326554
Census tract,Tract 2424,17031242400,2902,-87.68449000,41.89942190,8.891076115485564,2.3691109973523066
Census tract,Tract 2425,17031242500,3426,-87.68931910,41.89944550,9.958133971291868,2.9357569610269154
Census tract,Tract 2426,17031242600,5665,-87.69419700,41.90056000,9.714673913043478,4.652384016239678
Census tract,Tract 2427,17031242700,1938,-87.69937420,41.89742540,15.0,5.244450905734111
Census tract,Tract 2428,17031242800,1507,-87.69032370,41.89263200,5.333333333333334,2.118181304162627
Census tract,Tract 2429,17031242900,1962,-87.68428960,41.89219550,4.580498866213152,1.7521648322926162
Census tract,Tract 2430,17031243000,2234,-87.67939810,41.89227530,4.441624365482234,1.9554221884107297
Census tract,Tract 2431,17031243100,2249,-87.67450680,41.89235460,2.4581589958159,1.179464894586803
Census tract,Tract 2432,17031243200,2287,-87.66962380,41.89243270,9.324009324009324,2.943721133486956
Census tract,Tract 2433,17031243300,2431,-87.66473880,41.89247810,5.598290598290599,2.3520132041478767
Census tract,Tract 2434,17031243400,2880,-87.65985400,41.89256600,12.31493943472409,4.5165388097531505
Census tract,Tract 2435,17031243500,4746,-87.65252270,41.89264940,5.990878938640132,2.4560272886113697
Census tract,Tract 2502,17031250200,2779,-87.75107300,41.91235080,24.75095785440613,8.152849294042255
Census tract,Tract 2503,17031250300,4742,-87.76085280,41.91284830,21.889580093312595,8.792026702366261
Census tract,Tract 2504,17031250400,5789,-87.77540580,41.91290500,15.820687249258675,5.6030093084058805
Census tract,Tract 2505,17031250500,7315,-87.79679600,41.91461800,9.628445864962046,2.549577814762116
Census tract,Tract 2506,17031250600,4203,-87.77063030,41.90569350,25.79979360165119,6.35440789277363
Census tract,Tract 2507,17031250700,5932,-87.76081280,41.90582060,22.421802415608543,5.242324473868499
Census tract,Tract 2508,17031250800,2432,-87.75147410,41.90618550,19.803063457330417,5.770023512800324
Census tract,Tract 2510,17031251000,1075,-87.74489240,41.89869450,31.354515050167223,10.12030419665852
Census tract,Tract 2511,17031251100,4468,-87.75201120,41.89862480,30.398230088495577,5.823531611479411
Census tract,Tract 2512,17031251200,3910,-87.76060400,41.89854910,15.064327485380115,4.718083735067451
Census tract,Tract 2513,17031251300,5098,-87.77038490,41.89842510,28.017718715393137,6.69590015673396
Census tract,Tract 2514,17031251400,3986,-87.77012480,41.89095740,25.993690851735018,7.246838035611026
Census tract,Tract 2515,17031251500,4342,-87.76035380,41.89110350,30.59172949508796,7.237182810612437
Census tract,Tract 2516,17031251600,3522,-87.75180370,41.89140650,19.85940246045694,4.831412497015807
Census tract,Tract 2517,17031251700,1347,-87.74447930,41.89138440,25.950292397660817,12.723724691515113
Census tract,Tract 2518,17031251800,5101,-87.74788850,41.88414360,31.349026708918064,11.209233216520829
Census tract,Tract 2519,17031251900,5387,-87.76009450,41.88381160,20.968036529680365,4.653749067712526
Census tract,Tract 2520,17031252000,5646,-87.76987980,41.88367590,23.971248876909254,5.451592985247398
Census tract,Tract 2521.01,17031252101,1502,-87.76985520,41.87388120,6.837606837606838,2.082410279278688
Census tract,Tract 2521.02,17031252102,6187,-87.75982760,41.87659900,21.938952480055494,6.000374512833589
Census tract,Tract 2522.01,17031252201,2940,-87.75210510,41.87669580,33.40509508432006,9.105172096659995
Census tract,Tract 2522.02,17031252202,4783,-87.74458320,41.87675840,31.180270111567825,7.377182599810076
Census tract,Tract 2601,17031260100,1477,-87.72333020,41.88437070,35.89511754068716,7.710036079462637
Census tract,Tract 2602,17031260200,1054,-87.72823020,41.88432430,14.971050454921423,6.128227363273056
Census tract,Tract 2603,17031260300,1528,-87.73313620,41.88427660,39.8876404494382,15.642904650967234
Census tract,Tract 2604,17031260400,1398,-87.73804110,41.88421450,63.79880873593646,6.629383396594048
Census tract,Tract 2605,17031260500,1833,-87.73772820,41.87666390,27.699293642785065,8.394339355721101
Census tract,Tract 2606,17031260600,2114,-87.73286700,41.87710760,21.80702732849972,5.419843313911338
Census tract,Tract 2607,17031260700,1691,-87.72799620,41.87705650,29.883138564273796,16.995901187534237
Census tract,Tract 2608,17031260800,2271,-87.72309640,41.87708480,13.438045375218149,3.9323122869729223
Census tract,Tract 2609,17031260900,1778,-87.72281410,41.87102970,47.095070422535215,7.246917826963945
Census tract,Tract 2610,17031261000,2289,-87.73200940,41.87133790,22.97160243407708,5.837178586028944
Census tract,Tract 2705,17031270500,1619,-87.71779320,41.87624020,57.22300140252455,10.14344820969054
Census tract,Tract 2712,17031271200,1172,-87.70356210,41.87735970,33.564280215550426,10.752694698754055
Census tract,Tract 2713,17031271300,1060,-87.70845280,41.87730400,29.38090241343127,5.251514732357541
Census tract,Tract 2714,17031271400,1535,-87.71333140,41.87724290,27.387267904509283,8.754556243847324
Census tract,Tract 2715,17031271500,1373,-87.71315590,41.87178610,24.370319945541187,4.636909087826451
Census tract,Tract 2718,17031271800,976,-87.69848970,41.87149640,16.10337972166998,12.119475924619696
Census tract,Tract 2801,17031280100,7421,-87.64349770,41.88545200,1.562903642469646,0.9457786837073416
Census tract,Tract 2804,17031280400,1231,-87.67188460,41.88600940,25.59681697612732,5.452119171951172
Census tract,Tract 2808,17031280800,1198,-87.68890090,41.87859670,19.90686845168801,6.5800966291151735
Census tract,Tract 2809,17031280900,1077,-87.68513240,41.87862610,19.4732641660016,5.4213615014288035
Census tract,Tract 2819,17031281900,7031,-87.64292360,41.87863460,10.959105619299796,4.032294306896175
Census tract,Tract 2827,17031282700,2558,-87.68868120,41.87136680,14.001806684733516,3.786022013697034
Census tract,Tract 2828,17031282800,1634,-87.68491360,41.87026830,9.438332368268677,3.4794993343730494
Census tract,Tract 2831,17031283100,2717,-87.66409200,41.86927410,28.046875,5.349408810351959
Census tract,Tract 2832,17031283200,1670,-87.65920230,41.86957900,8.595139300533491,3.431933243464661
Census tract,Tract 2838,17031283800,3343,-87.65375470,41.86341680,25.12091038406828,7.796474256550375
Census tract,Tract 2909,17031290900,3975,-87.73245670,41.86241030,30.02053388090349,9.202621754416116
Census tract,Tract 2912,17031291200,2286,-87.71287460,41.86266110,52.44943820224719,7.706130025286626
Census tract,Tract 2916,17031291600,874,-87.69221590,41.85764150,20.252324037184597,2.7935536969662276
Census tract,Tract 2922,17031292200,2942,-87.71573060,41.85666650,15.312264860797592,5.84801375113834
Census tract,Tract 2924,17031292400,2041,-87.72239920,41.85523970,29.27974947807933,7.825072539621287
Census tract,Tract 2925,17031292500,4057,-87.73224280,41.85516130,11.268882175226585,4.201625205574836
Census tract,Tract 3005,17031300500,3243,-87.72193930,41.84742510,21.818181818181817,4.833518860659319
Census tract,Tract 3006,17031300600,3253,-87.71733430,41.84799040,16.16994292961319,7.462049114938432
Census tract,Tract 3007,17031300700,4798,-87.71245040,41.84807200,15.96211596211596,6.431918732023921
Census tract,Tract 3008,17031300800,4136,-87.70758180,41.84811080,35.733262486716264,14.271391143651426
Census tract,Tract 3009,17031300900,4553,-87.70269930,41.84817960,44.746805489824894,13.351180909376557
Census tract,Tract 3011,17031301100,2323,-87.69797340,41.84702900,14.773200166458594,3.390496907956432
Census tract,Tract 3012,17031301200,4087,-87.69147710,41.84841710,21.384878884267188,8.562830716205225
Census tract,Tract 3016,17031301600,4995,-87.71225200,41.84075720,23.493683187560737,8.470260272373752
Census tract,Tract 3017.01,17031301701,4279,-87.71962540,41.84248050,21.819395017793592,6.1041727504926335
Census tract,Tract 3017.02,17031301702,4121,-87.71952440,41.83880620,8.767643865363734,4.196295257342383
Census tract,Tract 3018.01,17031301801,3947,-87.73505090,41.84165970,21.574034789987277,10.119155501472548
Census tract,Tract 3018.02,17031301802,3376,-87.72775920,41.84518460,32.63032232391564,10.964491794091835
Census tract,Tract 3018.03,17031301803,5107,-87.72787080,41.83954970,11.341501727929623,5.826326071770124
Census tract,Tract 3102,17031310200,1588,-87.64420910,41.85631000,7.898259705488621,2.4200933590245866
Census tract,Tract 3103,17031310300,1767,-87.64897820,41.85614390,13.974358974358974,3.8206955598812846
Census tract,Tract 3104,17031310400,1375,-87.65226130,41.85650690,12.23922114047288,3.0121948985030276
Census tract,Tract 3105,17031310500,1399,-87.65474000,41.85524800,17.10914454277286,5.869222637288606
Census tract,Tract 3106,17031310600,5498,-87.65956370,41.85633300,9.5708446866485,2.629631426978933
Census tract,Tract 3107,17031310700,1700,-87.66490610,41.85599030,23.373341756159192,12.540641933124332
Census tract,Tract 3108,17031310800,4175,-87.66857370,41.85593370,19.386992275105904,5.373343081184141
Census tract,Tract 3109,17031310900,4781,-87.67467410,41.85577160,24.9499799919968,6.153976874056882
Census tract,Tract 3201.01,17031320101,9532,-87.61705900,41.88502590,2.6650312221231043,1.745068444332917
Census tract,Tract 3201.02,17031320102,4846,-87.62419440,41.88512490,13.286991062562064,3.9747950832709105
Census tract,Tract 3204,17031320400,2856,-87.61725560,41.87581700,19.27868852459017,8.675440367710669
Census tract,Tract 3206,17031320600,6395,-87.61659620,41.87055420,14.033613445378151,2.79222914939785
Census tract,Tract 3301.01,17031330101,4592,-87.61322500,41.85912030,9.977183157021363,5.379860212063542
Census tract,Tract 3301.02,17031330102,10811,-87.62398830,41.86357210,2.810206804536357,1.3588652307621503
Census tract,Tract 3301.03,17031330103,8248,-87.62341720,41.85647960,15.8418243571082,3.580687066728212
Census tract,Tract 3302,17031330200,4008,-87.63056800,41.86557830,8.51544837980407,2.0697485103295032
Census tract,Tract 3403,17031340300,1865,-87.63578820,41.84280460,11.395348837209305,3.7050445545521433
Census tract,Tract 3404,17031340400,1844,-87.63203560,41.84188570,26.337693222354343,8.281977399870238
Census tract,Tract 3405,17031340500,1629,-87.63291690,41.83451810,27.212918660287084,4.870205054170759
Census tract,Tract 3406,17031340600,1151,-87.63265160,41.82728640,56.73211781206171,16.24127866825513
Census tract,Tract 3501,17031350100,2228,-87.60794920,41.84025900,24.64065708418891,7.889894327591013
Census tract,Tract 3504,17031350400,1512,-87.62836950,41.84192910,55.52505147563487,6.856284541902974
Census tract,Tract 3510,17031351000,3640,-87.60652820,41.83556750,8.053533693355247,2.993359298502653
Census tract,Tract 3511,17031351100,2038,-87.61418940,41.82775400,53.95,6.847765066706126
Census tract,Tract 3514,17031351400,1392,-87.62409090,41.82740190,33.95818312905551,11.122547830807944
Census tract,Tract 3515,17031351500,823,-87.62773090,41.82724020,24.563206577595068,5.904911795730562
Census tract,Tract 3602,17031360200,1651,-87.60988760,41.82688550,55.89473684210526,19.30893283585999
Census tract,Tract 3801,17031380100,2207,-87.61009740,41.82020190,20.76105204252938,4.151591062860996
Census tract,Tract 3802,17031380200,2408,-87.61498610,41.82057400,45.88513913558319,10.28109226248821
Census tract,Tract 3806,17031380600,3947,-87.62293560,41.82015100,30.315444489963127,8.665682026826824
Census tract,Tract 3812,17031381200,2077,-87.61399920,41.80851140,28.637295081967213,7.81821670210875
Census tract,Tract 3814,17031381400,1796,-87.62142980,41.80762020,29.829005699810008,7.884162472086467
Census tract,Tract 3815,17031381500,667,-87.62286190,41.81019270,33.33333333333333,7.7364852418226
Census tract,Tract 3818,17031381800,1462,-87.62119780,41.80384810,19.606465214335916,3.774841774292145
Census tract,Tract 3819,17031381900,1106,-87.61388850,41.80395570,18.580060422960727,4.689386223305596
Census tract,Tract 3901,17031390100,1553,-87.59054490,41.81355450,11.711711711711713,3.16700692029281
Census tract,Tract 3902,17031390200,1883,-87.59947650,41.81304100,14.96023856858847,4.165867182564021
Census tract,Tract 3903,17031390300,2617,-87.60420890,41.81320060,42.779632721202006,6.309750895077411
Census tract,Tract 3904,17031390400,2871,-87.60405820,41.80592430,34.01360544217687,9.1380685064835
Census tract,Tract 3905,17031390500,1666,-87.59919870,41.80597810,13.291500285225329,3.860488659641156
Census tract,Tract 3906,17031390600,1994,-87.59435040,41.80601810,20.996818663838813,6.14528732217705
Census tract,Tract 3907,17031390700,6532,-87.58048870,41.80401640,17.748843584032894,4.89860155006545
Census tract,Tract 4003,17031400300,1504,-87.61127280,41.78975400,12.174578866768758,4.16404314111146
Census tract,Tract 4004,17031400400,1995,-87.61832110,41.79112610,44.86117876278617,8.268419566986879
Census tract,Tract 4005,17031400500,2372,-87.62317910,41.79104140,31.23916811091854,8.26569453816932
Census tract,Tract 4008,17031400800,3178,-87.62055800,41.78286330,61.43004468889652,9.449673863868735
Census tract,Tract 4101,17031410100,2272,-87.58102590,41.80158220,14.167031045037168,4.550534238103237
Census tract,Tract 4102,17031410200,1165,-87.59426510,41.80167090,24.094202898550723,6.117282145118213
Census tract,Tract 4105,17031410500,2922,-87.60374230,41.79783080,29.9231843575419,8.802092738791728
Census tract,Tract 4106,17031410600,2371,-87.59894220,41.79796870,34.54467721248397,6.924911673536513
Census tract,Tract 4107,17031410700,2399,-87.59419960,41.79804930,27.14514835605453,8.225959563558012
Census tract,Tract 4108,17031410800,2993,-87.58962480,41.79796140,16.782196278730392,2.5472848112467164
Census tract,Tract 4109,17031410900,3670,-87.57809370,41.79670970,9.766050054406964,1.955439762517665
Census tract,Tract 4110,17031411000,3902,-87.57746200,41.78722670,18.67145421903052,5.567210462701382
Census tract,Tract 4111,17031411100,2379,-87.58970080,41.79045520,8.580030105368792,1.9292549062828621
Census tract,Tract 4112,17031411200,1713,-87.59401710,41.79056180,14.681603773584904,3.446600510505466
Census tract,Tract 4201,17031420100,1642,-87.57950420,41.78256890,38.225017470300486,7.843899878025091
Census tract,Tract 4202,17031420200,1781,-87.59352080,41.78346800,37.9570516540917,10.587430319660792
Census tract,Tract 4203,17031420300,2818,-87.59869700,41.78322410,33.82749326145553,8.178964761418976
Census tract,Tract 4204,17031420400,1544,-87.60355840,41.78316990,41.36269786648314,7.888278794854327
Census tract,Tract 4205,17031420500,2053,-87.60842610,41.78310020,53.11250713877784,13.398625330877987
Census tract,Tract 4206,17031420600,2524,-87.61327770,41.78301350,34.76510067114094,10.664891999100947
Census tract,Tract 4207,17031420700,3021,-87.61069330,41.77669140,35.024752475247524,5.004713159911215
Census tract,Tract 4208,17031420800,2457,-87.60325690,41.77690970,26.32805219012116,11.458832054643006
Census tract,Tract 4212,17031421200,1405,-87.60894740,41.77066210,27.52562225475842,5.174992407800188
Census tract,Tract 4301.01,17031430101,4091,-87.57395300,41.76985320,26.98622881355932,7.335230630200616
Census tract,Tract 4301.02,17031430102,3104,-87.56381430,41.76895280,37.548855388051365,8.733341011556693
Census tract,Tract 4302,17031430200,5086,-87.58135090,41.76976130,24.67196132596685,7.167041189784832
Census tract,Tract 4303,17031430300,2558,-87.58936010,41.76971630,32.91524135309768,8.213279796852659
Census tract,Tract 4304,17031430400,3031,-87.59030980,41.76219610,28.5,6.838492265632992
Census tract,Tract 4305,17031430500,4098,-87.58127000,41.76431390,22.094361334867664,4.655798414605144
Census tract,Tract 4306,17031430600,1670,-87.57137300,41.76441330,29.732868757259,5.446681454952223
Census tract,Tract 4307,17031430700,2175,-87.56089030,41.76527160,32.693393562958775,9.558777473420319
Census tract,Tract 4308,17031430800,1862,-87.57129830,41.76075000,12.688507540301613,5.046316192033262
Census tract,Tract 4309,17031430900,1797,-87.58118510,41.76064100,25.4380272550292,8.612338219920064
Census tract,Tract 4312,17031431200,2898,-87.57118430,41.75530110,11.479944674965422,5.184432141939345
Census tract,Tract 4313.01,17031431301,3590,-87.56018710,41.75353020,29.405376052131416,8.237348766183432
Census tract,Tract 4313.02,17031431302,4351,-87.56278590,41.75838550,48.426220040427374,21.08541281912606
Census tract,Tract 4314,17031431400,6716,-87.54655500,41.75720840,37.14149139579349,6.800384437875074
Census tract,Tract 4401.01,17031440101,4171,-87.60145120,41.74862710,32.802903405918485,6.003092870558834
Census tract,Tract 4401.02,17031440102,3633,-87.60116360,41.74093560,42.22919937205651,6.478801890307775
Census tract,Tract 4402.01,17031440201,5054,-87.61007390,41.74820970,32.843691148775896,10.48353587265177
Census tract,Tract 4402.02,17031440202,3525,-87.60976200,41.74095990,17.38627602158828,3.702818761356205
Census tract,Tract 4403,17031440300,4677,-87.61954240,41.74372120,7.181818181818183,2.1713904388846768
Census tract,Tract 4406,17031440600,1996,-87.61913730,41.73267180,11.394992335206949,3.296110698348273
Census tract,Tract 4407,17031440700,1497,-87.60962940,41.73475140,18.837535014005603,6.584742773476007
Census tract,Tract 4408,17031440800,1620,-87.60332800,41.73171140,52.44536940686785,12.94303485019871
Census tract,Tract 4409,17031440900,2462,-87.60900570,41.72866900,23.139220979560356,5.035474262802129
Census tract,Tract 4503,17031450300,3252,-87.57908920,41.74194380,15.532345013477087,4.540674867919949
Census tract,Tract 4601,17031460100,2840,-87.53672530,41.74783450,25.47000895255148,5.6145433668998646
Census tract,Tract 4602,17031460200,1948,-87.54701010,41.74138720,39.68109339407745,10.311254308570476
Census tract,Tract 4603.01,17031460301,2987,-87.55636730,41.74002640,27.636898199191474,8.236777604752119
Census tract,Tract 4603.02,17031460302,3282,-87.55738790,41.74708400,24.932003626473254,7.149040183667576
Census tract,Tract 4604,17031460400,3411,-87.56369220,41.74449030,23.054755043227665,10.693430953488278
Census tract,Tract 4605,17031460500,5400,-87.57260410,41.74688190,15.744852644327818,3.1113822103437268
Census tract,Tract 4608,17031460800,3639,-87.55318420,41.73560050,36.51936444885799,10.150491943103948
Census tract,Tract 4610,17031461000,1460,-87.54654240,41.72739250,42.69387755102041,3.6541107311297822
Census tract,Tract 4701,17031470100,2527,-87.59648940,41.72822070,26.77951388888889,9.583464371652692
Census tract,Tract 4801,17031480100,2001,-87.57572920,41.73524100,15.482502651113467,6.440411991497877
Census tract,Tract 4802,17031480200,1103,-87.58988290,41.73512410,19.047619047619047,6.4027963292862795
Census tract,Tract 4803,17031480300,1348,-87.58797250,41.72919400,38.04012345679013,12.399253976196478
Census tract,Tract 4804,17031480400,5650,-87.57563850,41.72844980,9.875621890547263,2.446963509591289
Census tract,Tract 4805,17031480500,2986,-87.55909110,41.72760010,23.826585453242565,7.749399746473215
Census tract,Tract 4902,17031490200,3040,-87.61687420,41.72490950,11.535764375876578,5.365152152679923
Census tract,Tract 4905,17031490500,1995,-87.61319640,41.71793090,9.494030699260945,3.9361811255811343
Census tract,Tract 4906,17031490600,1443,-87.62833020,41.71797340,13.020833333333334,7.169147144129512
Census tract,Tract 4907,17031490700,2656,-87.62836170,41.71073390,30.112269446672013,12.873571338861018
Census tract,Tract 4908,17031490800,3502,-87.61534690,41.71069020,3.238636363636364,1.2318499765286
Census tract,Tract 4909.01,17031490901,3403,-87.61626770,41.69605820,43.11094996374184,7.343853056318415
Census tract,Tract 4909.02,17031490902,4647,-87.61532620,41.70328010,22.989734816082123,5.806687382488618
Census tract,Tract 4910,17031491000,3807,-87.62805360,41.69976250,37.36811254396248,6.779819564867259
Census tract,Tract 4911,17031491100,4079,-87.63769940,41.69975310,6.082148499210111,2.4349193194896688
Census tract,Tract 4912,17031491200,2019,-87.63743830,41.68877650,18.281335522714837,5.244967344457057
Census tract,Tract 4913,17031491300,2023,-87.62780360,41.68889690,39.95049504950495,9.096514339522418
Census tract,Tract 4914,17031491400,2593,-87.61682150,41.68912320,27.899561578318057,7.069775898168223
Census tract,Tract 5001,17031500100,3545,-87.59502870,41.71468400,12.09259823332318,5.815186741512184
Census tract,Tract 5002,17031500200,1688,-87.60030860,41.70085520,15.756541524459614,5.946992829615837
Census tract,Tract 5003,17031500300,1587,-87.60536980,41.68931500,29.196217494089836,7.392922848818213
Census tract,Tract 5101,17031510100,3231,-87.55007480,41.71262130,16.002570694087403,8.210781199354978
Census tract,Tract 5102,17031510200,2922,-87.56004950,41.71426510,17.98994974874372,8.344556491814396
Census tract,Tract 5103,17031510300,4850,-87.57497710,41.71573730,40.17193308550186,13.088750598254558
Census tract,Tract 5201,17031520100,1745,-87.52943250,41.72111840,22.962555066079297,7.662880730188763
Census tract,Tract 5202,17031520200,3338,-87.54069130,41.71230870,37.28473019517796,7.376475361415746
Census tract,Tract 5203,17031520300,5675,-87.53956290,41.70111390,14.484319430973166,4.79020805465876
Census tract,Tract 5204,17031520400,4055,-87.53070290,41.70300800,23.683477291724717,4.969251553502637
Census tract,Tract 5205,17031520500,4420,-87.53087190,41.69311580,11.104319478402608,4.183699047708017
Census tract,Tract 5206,17031520600,2530,-87.54040000,41.68952040,12.1716611172771,3.390742150214058
Census tract,Tract 5301,17031530100,2197,-87.61793950,41.68185220,26.6388557806913,7.541561938872261
Census tract,Tract 5302,17031530200,4128,-87.63239540,41.68156120,18.788039163799947,4.74392733334514
Census tract,Tract 5303,17031530300,3964,-87.65175240,41.68131440,10.683515221137275,3.207669809301501
Census tract,Tract 5304,17031530400,2059,-87.65152670,41.67403970,29.923882017126544,5.2047593381019075
Census tract,Tract 5305.01,17031530501,4514,-87.63216600,41.67427800,48.55540448674371,13.556926513296625
Census tract,Tract 5305.02,17031530502,1570,-87.62502510,41.66607960,23.44569288389513,8.870252896396657
Census tract,Tract 5305.03,17031530503,4898,-87.63753560,41.66420390,13.90403489640131,2.9796038171629573
Census tract,Tract 5306,17031530600,2774,-87.61914580,41.67008820,17.137330754352032,4.880584397796321
Census tract,Tract 5401.01,17031540101,4324,-87.59936890,41.65072030,60.8505467800729,7.247884776412508
Census tract,Tract 5401.02,17031540102,2938,-87.60544880,41.66733000,63.35586247428739,7.667142953115511
Census tract,Tract 5501,17031550100,7019,-87.53597850,41.66318130,11.444805194805197,2.6991807103238807
Census tract,Tract 5502,17031550200,2969,-87.56482700,41.65509740,5.906389301634472,2.3357069372937347
Census tract,Tract 5601,17031560100,1477,-87.74159100,41.81567650,11.452810180275716,4.1104156174481865
Census tract,Tract 5602,17031560200,1710,-87.74782730,41.81133090,8.216783216783217,3.521631578222054
Census tract,Tract 5603,17031560300,3253,-87.74798700,41.80390750,10.67903081064912,2.9462832441714255
Census tract,Tract 5604,17031560400,1630,-87.74061440,41.80400620,15.716272600834492,8.026921433765002
Census tract,Tract 5607,17031560700,3635,-87.75752020,41.79646260,9.9923527912312,5.32188709596441
Census tract,Tract 5608,17031560800,5682,-87.77216590,41.79620560,1.465315666406859,0.8505908113139545
Census tract,Tract 5609,17031560900,5112,-87.79165140,41.79577020,9.20185974428516,3.2437026760360412
Census tract,Tract 5610,17031561000,5308,-87.79150330,41.78850220,6.74119241192412,1.8427410917256133
Census tract,Tract 5611,17031561100,5581,-87.77190990,41.78886980,1.329978432782171,0.9578318640242203
Census tract,Tract 5701,17031570100,1316,-87.71891320,41.81620030,18.62971516551193,4.774609617575654
Census tract,Tract 5702,17031570200,2096,-87.73071830,41.81437990,6.489815253434392,2.6837129867587968
Census tract,Tract 5703,17031570300,6376,-87.73079090,41.80414490,10.33281059418017,2.8131503763982915
Census tract,Tract 5704,17031570400,1769,-87.71913050,41.80499210,15.296940611877623,7.518317863640595
Census tract,Tract 5705,17031570500,2639,-87.73245530,41.79860150,7.292506043513296,3.556158994944049
Census tract,Tract 5801,17031580100,3228,-87.69074630,41.82805490,18.781725888324875,6.048976061790221
Census tract,Tract 5802,17031580200,3466,-87.69934780,41.82677180,22.695965890455888,7.41671919048527
Census tract,Tract 5803,17031580300,2577,-87.70893400,41.82518760,10.558199913457376,2.578565511396499
Census tract,Tract 5804,17031580400,4546,-87.70918450,41.81527530,15.020626061635523,5.912444485649787
Census tract,Tract 5805.01,17031580501,5170,-87.69949620,41.81998600,9.057815845824411,6.6860396620569436
Census tract,Tract 5805.02,17031580502,5345,-87.69931020,41.81456170,24.539524174980816,6.563462855514926
Census tract,Tract 5806,17031580600,5405,-87.69203140,41.81739780,11.503823279524214,4.2986641012704245
Census tract,Tract 5807,17031580700,5621,-87.68684590,41.81749350,29.71487461353487,7.830055256850534
Census tract,Tract 5808,17031580800,2058,-87.68664360,41.81021970,4.7076313181367695,4.439927977289349
Census tract,Tract 5905,17031590500,1854,-87.68045960,41.82489780,12.247474747474747,3.3830188393127605
Census tract,Tract 5906,17031590600,3477,-87.67292440,41.82683320,13.0328536519142,3.5926733061519123
Census tract,Tract 5907,17031590700,3027,-87.66278880,41.82605390,16.50943396226415,4.597289151208481
Census tract,Tract 6004,17031600400,4297,-87.64393220,41.84171830,16.739980449657867,3.6008810021806057
Census tract,Tract 6006,17031600600,2988,-87.65575100,41.84246850,14.46776611694153,5.2498711819849015
Census tract,Tract 6007,17031600700,2591,-87.66054300,41.84078160,16.437918927545482,7.638032644970132
Census tract,Tract 6009,17031600900,3682,-87.65314280,41.83651300,32.79871692060946,8.064095210672324
Census tract,Tract 6103,17031610300,5410,-87.67510220,41.81617790,40.5762778764555,15.254885646653635
Census tract,Tract 6104,17031610400,2029,-87.66744910,41.81039840,16.383906931652934,14.31645017345447
Census tract,Tract 6108,17031610800,1512,-87.63840460,41.81271190,13.570069752694993,4.02033961186295
Census tract,Tract 6112,17031611200,2680,-87.66244140,41.80499390,37.61609907120743,10.89168361242861
Census tract,Tract 6113,17031611300,3668,-87.66730390,41.80493620,18.15750371471025,7.392857822422894
Census tract,Tract 6114,17031611400,3737,-87.67216610,41.80489290,46.88914027149321,7.132071496962288
Census tract,Tract 6115,17031611500,3587,-87.67873100,41.80538190,22.214897824653924,4.74075195343792
Census tract,Tract 6116,17031611600,1921,-87.67689800,41.79763290,14.48087431693989,7.197992667032009
Census tract,Tract 6117,17031611700,2180,-87.67197620,41.79759910,31.06283029947152,16.316349734750816
Census tract,Tract 6118,17031611800,2205,-87.66711380,41.79764770,6.79970436067997,3.467660902131485
Census tract,Tract 6119,17031611900,1984,-87.65955520,41.79853750,44.40734557595994,16.03887339865786
Census tract,Tract 6120,17031612000,1448,-87.65253600,41.79784660,11.12026359143328,3.2221692934039114
Census tract,Tract 6121,17031612100,1168,-87.64768080,41.79791280,24.349635796045785,4.474692002029811
Census tract,Tract 6122,17031612200,3939,-87.65271940,41.80487610,33.18474492322932,6.727993299273044
Census tract,Tract 6201,17031620100,4567,-87.71802570,41.79801750,4.23764021603656,2.4480787184900348
Census tract,Tract 6202,17031620200,2390,-87.72923390,41.79552150,3.133025166923472,1.321439832138434
Census tract,Tract 6203,17031620300,6410,-87.73044380,41.78950250,12.23297986783464,4.946568763668321
Census tract,Tract 6204,17031620400,5027,-87.71816820,41.78963820,18.994172242607384,11.044099737888025
Census tract,Tract 6303,17031630300,5385,-87.70863780,41.79886200,15.790487194300018,7.310359150102019
Census tract,Tract 6304,17031630400,7204,-87.69878110,41.79725450,4.922870556673374,1.9476499554740583
Census tract,Tract 6305,17031630500,6271,-87.68901710,41.79742790,25.62373567093729,5.40819136194123
Census tract,Tract 6306,17031630600,3250,-87.68885240,41.80120950,27.932960893854748,7.648596413489588
Census tract,Tract 6308,17031630800,6641,-87.69857250,41.78996520,10.357624831309042,3.4665786892885992
Census tract,Tract 6309,17031630900,5204,-87.70836550,41.78981140,8.570708343836653,2.6558921339454815
Census tract,Tract 6401,17031640100,1312,-87.73986080,41.78191960,13.456284153005466,9.517363328934024
Census tract,Tract 6403,17031640300,6710,-87.77163530,41.78153210,2.338421565443326,1.1499248676038685
Census tract,Tract 6404,17031640400,3390,-87.79124740,41.78117840,8.18070818070818,3.483904171124226
Census tract,Tract 6405,17031640500,3896,-87.79098790,41.77568250,9.600402111083186,4.218856905276962
Census tract,Tract 6406,17031640600,4063,-87.77142980,41.77603620,7.848545636910733,2.949286879820712
Census tract,Tract 6407,17031640700,3298,-87.75193560,41.77641110,9.448051948051948,2.1865298232266164
Census tract,Tract 6408,17031640800,1799,-87.73974220,41.77482410,19.62365591397849,3.122572043453614
Census tract,Tract 6501,17031650100,4765,-87.71785490,41.78237660,13.888210886014155,5.2965293382831184
Census tract,Tract 6502,17031650200,7251,-87.73022520,41.78222210,8.198171630787378,2.879670418073828
Census tract,Tract 6503.01,17031650301,5829,-87.72999160,41.77492750,18.696763202725723,7.297155202254115
Census tract,Tract 6503.02,17031650302,4522,-87.71773310,41.77509310,21.060663868752385,7.2971698218285095
Census tract,Tract 6504,17031650400,6894,-87.71716510,41.76531180,27.9861010568988,13.383614394420546
Census tract,Tract 6505,17031650500,4401,-87.73203520,41.76221870,17.319690541552283,6.886254478740279
Census tract,Tract 6603.01,17031660301,1850,-87.69828720,41.77995410,39.16391639163916,10.72612282696782
Census tract,Tract 6603.02,17031660302,5549,-87.69839260,41.78359570,7.144389615962241,3.5987453500181497
Census tract,Tract 6604,17031660400,5692,-87.70804410,41.78253210,23.573604060913706,7.600146388404352
Census tract,Tract 6605,17031660500,5013,-87.70792710,41.77524610,12.548672566371682,3.5197735268416084
Census tract,Tract 6606,17031660600,6404,-87.69334060,41.77728730,24.491045461503138,6.368925457078746
Census tract,Tract 6607,17031660700,2076,-87.68109550,41.77384520,32.351057014734145,10.162396102560985
Census tract,Tract 6608,17031660800,6114,-87.69326560,41.77364130,30.37780803267529,12.530087293661836
Census tract,Tract 6609,17031660900,4446,-87.69906300,41.76781910,42.890235210263725,13.72407258733943
Census tract,Tract 6610,17031661000,5756,-87.68504690,41.76181770,22.08316511909568,4.376418422305718
Census tract,Tract 6611,17031661100,6633,-87.70266360,41.76078640,10.153148043108338,3.5368846693881637
Census tract,Tract 6701,17031670100,1349,-87.65720840,41.79049370,44.325897187196894,15.65192631421182
Census tract,Tract 6702,17031670200,1325,-87.66206270,41.79042470,30.33210332103321,11.608656252625094
Census tract,Tract 6703,17031670300,1287,-87.66691670,41.79035760,54.59866220735786,7.953489110757528
Census tract,Tract 6704,17031670400,1585,-87.67176980,41.79029960,17.583046964490265,5.116599990796046
Census tract,Tract 6705,17031670500,1148,-87.67640440,41.78657800,41.112828438949,11.786107035234489
Census tract,Tract 6706,17031670600,1339,-87.67157720,41.78300540,30.76298701298701,9.341873493020184
Census tract,Tract 6707,17031670700,1252,-87.66673150,41.78306860,41.3012729844413,13.811161545383595
Census tract,Tract 6708,17031670800,1477,-87.66187900,41.78314420,13.74900079936051,4.2374050051016
Census tract,Tract 6709,17031670900,1172,-87.65702200,41.78321240,35.00707213578501,1.866431534657745
Census tract,Tract 6711,17031671100,994,-87.66171590,41.77677710,59.1,19.84768766025691
Census tract,Tract 6712,17031671200,980,-87.66658230,41.77669930,19.27710843373494,13.730614124626007
Census tract,Tract 6713,17031671300,2048,-87.67134930,41.77390150,34.36406067677946,9.309971562493233
Census tract,Tract 6714,17031671400,1558,-87.67622890,41.77379210,29.94051553205552,15.366820962967926
Census tract,Tract 6715,17031671500,2716,-87.66963150,41.76817220,19.502243982048142,2.142895772306488
Census tract,Tract 6716,17031671600,1804,-87.66151130,41.76949990,29.414980863860038,8.956364988807787
Census tract,Tract 6718,17031671800,1142,-87.65644810,41.76140100,42.36267870579383,17.39728055539939
Census tract,Tract 6719,17031671900,1122,-87.66128020,41.76132560,28.423101881894876,14.995728069251227
Census tract,Tract 6720,17031672000,3397,-87.67112810,41.76119830,30.97438605756536,11.846991188335156
Census tract,Tract 6805,17031680500,1307,-87.65235240,41.79056390,32.50155957579538,12.295882056206736
Census tract,Tract 6806,17031680600,1165,-87.65216520,41.78328110,14.605809128630709,4.957533904232643
Census tract,Tract 6809,17031680900,3573,-87.63763040,41.77643050,34.90086426029487,5.731585229937153
Census tract,Tract 6810,17031681000,2573,-87.64954790,41.77603980,29.50207468879668,8.288810433012886
Census tract,Tract 6811,17031681100,2873,-87.64935950,41.76876650,42.62779890156316,11.039461878545291
Census tract,Tract 6812,17031681200,2353,-87.63849760,41.76918930,47.84240150093809,10.954036041153014
Census tract,Tract 6813,17031681300,2182,-87.63984230,41.76118070,34.65739821251241,8.530049219429023
Census tract,Tract 6814,17031681400,2474,-87.64917060,41.76152230,15.129762562120376,6.736973353415315
Census tract,Tract 6903,17031690300,2302,-87.62900930,41.76866930,40.620272314674736,15.487467023195622
Census tract,Tract 6904,17031690400,3363,-87.62020390,41.76925900,20.467658669905862,7.699180946519283
Census tract,Tract 6905,17031690500,992,-87.61210310,41.76817940,12.5,7.567319114467617
Census tract,Tract 6909,17031690900,4250,-87.61034470,41.76214240,40.58118786642876,6.314067120622048
Census tract,Tract 6910,17031691000,2668,-87.62001510,41.76196540,28.22706065318818,10.75554356760946
Census tract,Tract 6911,17031691100,2980,-87.62987210,41.76171350,36.04294478527607,5.969862396311145
Census tract,Tract 6912,17031691200,2277,-87.63041130,41.75262080,30.830670926517573,14.510416861189476
Census tract,Tract 6913,17031691300,2374,-87.61984720,41.75468110,17.568850902184234,7.997686427039781
Census tract,Tract 6914,17031691400,3411,-87.61016850,41.75484550,26.791654067130327,5.4329748329959
Census tract,Tract 6915,17031691500,1806,-87.60026660,41.75505280,46.73065386922616,13.053890396499046
Census tract,Tract 7001,17031700100,3326,-87.69530910,41.75359350,6.331360946745562,2.2446233915738287
Census tract,Tract 7002,17031700200,6554,-87.72378400,41.75298930,17.044151376146786,5.22927654512848
Census tract,Tract 7003.01,17031700301,5762,-87.73171170,41.74562250,8.142369575816675,2.8946041644092544
Census tract,Tract 7003.02,17031700302,5662,-87.73130640,41.73836520,6.03185967424378,2.0614117246586243
Census tract,Tract 7004.01,17031700401,5822,-87.71203550,41.74553720,12.800376943615518,4.524974498778014
Census tract,Tract 7004.02,17031700402,4082,-87.71182340,41.73823020,11.67728237791932,4.463082427849486
Census tract,Tract 7005.01,17031700501,6912,-87.69034230,41.74621330,15.077571923482452,4.1207915810787465
Census tract,Tract 7005.02,17031700502,2978,-87.68876830,41.73885220,5.880441845354126,4.066069216377875
Census tract,Tract 7101,17031710100,1015,-87.64197130,41.75339180,34.57446808510639,6.215194581161448
Census tract,Tract 7102,17031710200,4635,-87.65142520,41.75511310,31.28400435255713,8.082792235146483
Census tract,Tract 7103,17031710300,1424,-87.66110570,41.75404850,20.16949152542373,7.801424883467414
Census tract,Tract 7104,17031710400,5424,-87.67093280,41.75391840,36.62701458173446,8.967664529525555
Census tract,Tract 7105,17031710500,4036,-87.67078740,41.74753160,29.456790123456788,5.567725593169374
Census tract,Tract 7106,17031710600,1706,-87.66094340,41.74766000,22.01447527141134,6.060492642630883
Census tract,Tract 7107,17031710700,3420,-87.65688400,41.74711000,32.39484396200814,9.720262064690967
Census tract,Tract 7108,17031710800,4804,-87.64881260,41.74783660,28.42170160295931,6.19454033711602
Census tract,Tract 7109,17031710900,1942,-87.63968930,41.74214610,38.93166506256016,14.57487521735327
Census tract,Tract 7110,17031711000,3058,-87.64858110,41.73964360,36.15092132202398,6.392959780247369
Census tract,Tract 7111,17031711100,2499,-87.65830020,41.73950160,24.776699029126213,7.038289719752302
Census tract,Tract 7112,17031711200,4687,-87.66982520,41.74055610,18.56895806312149,3.8660992949000987
Census tract,Tract 7113,17031711300,1462,-87.66728550,41.73350440,12.151394422310757,3.773034292970823
Census tract,Tract 7114,17031711400,2394,-87.65211680,41.73366140,19.68562874251497,9.17551452547762
Census tract,Tract 7115,17031711500,2372,-87.63868880,41.73244020,19.508738781294284,5.416281373887213
Census tract,Tract 7201,17031720100,3344,-87.67473550,41.72761640,13.508771929824562,10.040420956180949
Census tract,Tract 7202,17031720200,4131,-87.66605450,41.71304170,4.117009750812568,1.3110390478357579
Census tract,Tract 7203,17031720300,3637,-87.67714390,41.71391980,2.9872389791183296,1.2037293500019093
Census tract,Tract 7204,17031720400,1961,-87.68666860,41.70999180,2.4402907580477677,1.5012101031252283
Census tract,Tract 7205,17031720500,2086,-87.68910110,41.70283530,0.0,0.4021748377765919
Census tract,Tract 7206,17031720600,1691,-87.67720700,41.70277640,5.195473251028806,3.0273329873462402
Census tract,Tract 7207,17031720700,3073,-87.66513880,41.70310710,9.40374787052811,5.644776920485438
Census tract,Tract 7301,17031730100,2462,-87.63842560,41.72519520,20.03577817531306,8.225931840426195
Census tract,Tract 7302.01,17031730201,5627,-87.65790160,41.72686250,21.176470588235293,10.011823396548312
Census tract,Tract 7302.02,17031730202,2893,-87.64854250,41.72642990,5.074399084318962,2.112419451950649
Census tract,Tract 7303,17031730300,1046,-87.66456670,41.72746930,9.89433237271854,4.508348786282473
Census tract,Tract 7304,17031730400,3386,-87.65264790,41.71784080,22.91196388261851,9.571726217557062
Census tract,Tract 7305,17031730500,4220,-87.63813770,41.71426530,13.154659454143102,3.643723900680422
Census tract,Tract 7306,17031730600,3254,-87.65048570,41.71060030,12.396694214876034,4.399344255972556
Census tract,Tract 7307,17031730700,2281,-87.65007930,41.70308170,18.658598083711546,6.9787336405676506
Census tract,Tract 7401,17031740100,3234,-87.69860830,41.69728590,4.562104562104563,1.9707660220447927
Census tract,Tract 7402,17031740200,5830,-87.71270570,41.70470170,5.509499136442142,1.4348441775439553
Census tract,Tract 7403,17031740300,4869,-87.71072330,41.69506940,5.412077478161793,3.8878218219591676
Census tract,Tract 7404,17031740400,4695,-87.71931580,41.68723910,5.698129621574598,1.3196961002002345
Census tract,Tract 7501,17031750100,3736,-87.65202830,41.69583450,19.879898862199745,7.3328858918948985
Census tract,Tract 7502,17031750200,3024,-87.67142470,41.69566470,7.340045469308216,3.054091846386886
Census tract,Tract 7503,17031750300,2470,-87.68617260,41.69539110,8.054772452678211,2.453389415591343
Census tract,Tract 7504,17031750400,2909,-87.68507100,41.68565660,3.0602486452024227,1.8630578014797767
Census tract,Tract 7505,17031750500,5618,-87.67123340,41.68461540,22.406720062512207,7.690229736928664
Census tract,Tract 7506,17031750600,3420,-87.65204930,41.68863120,38.36662749706228,9.153637836242716
Census tract,Tract 7608.01,17031760801,4403,-87.84484950,41.98348670,14.60697772173182,6.242685207850503
Census tract,Tract 7608.02,17031760802,2374,-87.84262100,41.95612680,5.263157894736842,2.4304818331610054
Census tract,Tract 7608.03,17031760803,6394,-87.84413560,41.97534080,5.778218382665345,1.934125840492815
Census tract,Tract 7705,17031770500,4632,-87.94474330,42.00800630,13.979496738117428,4.676286364165456
Census tract,Tract 7706.02,17031770602,4762,-87.90749730,42.01191100,2.978828163466273,2.142877615722596
Census tract,Tract 7707,17031770700,2537,-87.86941970,41.98543570,9.4468085106383,2.797409331101152
Census tract,Tract 7708,17031770800,5661,-87.86642260,41.96331970,2.3817683344756686,1.240440129138766
Census tract,Tract 7709.01,17031770901,5245,-87.81686040,41.97055600,7.613798734435599,3.0951448938549957
Census tract,Tract 7709.02,17031770902,3732,-87.83618060,41.97006020,9.460496036819228,4.322381550552755
Census tract,Tract 8104,17031810400,5409,-87.82943870,41.98757370,1.9468704512372637,0.9139576848268363
Census tract,Tract 8105.01,17031810501,5293,-87.82598630,41.96028070,4.890525885001023,1.2767360284189635
Census tract,Tract 8105.02,17031810502,5355,-87.81045920,41.95958470,6.565193471483586,2.7335893044355895
Census tract,Tract 8106,17031810600,4949,-87.79610020,41.96422460,4.629042485732404,1.8866280640167419
Census tract,Tract 8208,17031820800,3695,-87.77359190,41.80725380,3.937702027622686,1.7460963219916246
Census tract,Tract 8233.04,17031823304,5872,-87.70275070,41.68142960,12.129878869448182,3.732200925543987
Census tract,Tract 8305,17031830500,4410,-87.71931990,41.82912460,8.621960206337508,3.397358960292327
Census tract,Tract 8306,17031830600,4935,-87.67357380,42.00169800,16.20519424769264,4.3753797353179475
Census tract,Tract 8307,17031830700,4006,-87.66076460,41.95830350,22.551789077212806,3.8395697754598586
Census tract,Tract 8308,17031830800,2405,-87.67657750,41.96514130,5.608912792931233,2.349899940719829
Census tract,Tract 8309,17031830900,3076,-87.68490650,41.92842450,8.529674917983895,4.710046214944097
Census tract,Tract 8310,17031831000,2633,-87.67699660,41.91479810,4.648292883587001,1.5051098920665782
Census tract,Tract 8311,17031831100,6697,-87.71749550,41.94285590,8.142984277662414,2.809182089514959
Census tract,Tract 8312,17031831200,4832,-87.73226000,41.91532140,11.725038068305418,3.053240696804339
Census tract,Tract 8313,17031831300,1251,-87.74425960,41.90776620,30.68702290076336,21.842099319036784
Census tract,Tract 8314,17031831400,2820,-87.75608840,41.86911880,29.599056603773583,12.71420132950611
Census tract,Tract 8315,17031831500,4421,-87.78800670,41.92759500,10.561143462149284,4.697995593692778
Census tract,Tract 8316,17031831600,7745,-87.79761480,41.92561050,14.712005551700209,3.7110074662108428
Census tract,Tract 8317,17031831700,2237,-87.74525460,41.95265370,13.876651982378856,5.389210875529117
Census tract,Tract 8318,17031831800,5868,-87.71648740,41.97822380,19.747309312119796,7.7596286166249575
Census tract,Tract 8319,17031831900,3040,-87.66879070,41.94516900,10.264125710464729,3.696894184730107
Census tract,Tract 8320,17031832000,2062,-87.65429820,41.94629410,3.6819637139807897,1.207133387764738
Census tract,Tract 8321,17031832100,3410,-87.65324140,41.95282150,12.964366944655042,4.067506827099526
Census tract,Tract 8322,17031832200,3289,-87.67997460,41.92047990,8.892355694227769,4.005075620571374
Census tract,Tract 8323,17031832300,2054,-87.67278070,41.91982640,7.512953367875648,2.8206117382883242
Census tract,Tract 8324,17031832400,3601,-87.69225650,41.91574110,3.7283236994219657,1.116509869322457
Census tract,Tract 8325,17031832500,3334,-87.66479620,41.92223040,9.789380005932957,3.5846496458509436
Census tract,Tract 8326,17031832600,4147,-87.65446540,41.91475410,1.7349397590361446,0.8075017399238126
Census tract,Tract 8329,17031832900,1995,-87.66193490,41.87417510,25.948196114708605,4.836939312261544
Census tract,Tract 8330,17031833000,5637,-87.65724880,41.88528630,5.631036176133573,2.0010622871677204
Census tract,Tract 8331,17031833100,9493,-87.65704590,41.87907780,7.527001447500278,1.9743308884713564
Census tract,Tract 8333,17031833300,2912,-87.65412370,41.87169450,23.304042179261863,4.062371786853341
Census tract,Tract 8339,17031833900,2333,-87.54742260,41.73103210,56.85618729096989,7.787345733909048
Census tract,Tract 8340,17031834000,3609,-87.62943200,41.72739380,29.547705513370747,8.664791914558164
Census tract,Tract 8342,17031834200,4693,-87.58360690,41.75556760,16.108384894388735,4.063665285830508
Census tract,Tract 8343,17031834300,6240,-87.59178800,41.74583480,7.4881205964279856,2.288277622613307
Census tract,Tract 8344,17031834400,3765,-87.59630300,41.77695040,18.45700508974016,4.428393921213092
Census tract,Tract 8345,17031834500,1765,-87.62536180,41.78603200,41.95544554455445,12.057910813272708
Census tract,Tract 8346,17031834600,2357,-87.63430570,41.78724630,33.710308829926056,8.106945553109199
Census tract,Tract 8347,17031834700,1759,-87.64503340,41.79069030,36.13924050632911,9.887228333455646
Census tract,Tract 8348,17031834800,1753,-87.64508830,41.78363360,35.714285714285715,6.23641363732565
Census tract,Tract 8349,17031834900,1952,-87.65673610,41.77229860,34.75247524752475,2.1530349701659155
Census tract,Tract 8350,17031835000,6398,-87.68604920,41.78284950,12.19824433065106,4.433234843696155
Census tract,Tract 8351,17031835100,5585,-87.68624790,41.79015790,23.0214254481854,7.032869520419289
Census tract,Tract 8352,17031835200,2038,-87.74528660,41.79664370,9.139523578026251,4.0885994419971
Census tract,Tract 8355,17031835500,1584,-87.63253950,41.81635400,52.36245954692557,10.729661657350535
Census tract,Tract 8356,17031835600,898,-87.63220160,41.80183450,66.3448275862069,15.389643846808456
Census tract,Tract 8358,17031835800,1698,-87.61871920,41.81304620,21.467257508616445,7.0433614024371884
Census tract,Tract 8360,17031836000,2338,-87.61168440,41.81400360,21.076066790352503,8.898793379571037
Census tract,Tract 8361,17031836100,1893,-87.61868260,41.79980520,37.36479842674533,10.028858530261203
Census tract,Tract 8362,17031836200,2178,-87.60128490,41.79046930,7.774798927613941,4.06718731420806
Census tract,Tract 8363,17031836300,1492,-87.60175850,41.80153240,26.785714285714285,8.154366625250102
Census tract,Tract 8364,17031836400,3621,-87.59517610,41.81901180,29.28209711051534,5.380820259135303
Census tract,Tract 8365,17031836500,1527,-87.59945600,41.82594630,37.44047619047619,13.171043649778282
Census tract,Tract 8366,17031836600,2929,-87.70880590,41.89869730,11.96551724137931,4.456682062957365
Census tract,Tract 8367,17031836700,2481,-87.70217470,41.89170410,29.21705919796308,8.381714600712884
Census tract,Tract 8368,17031836800,2645,-87.71496660,41.88509030,40.84408789675619,15.23154668644553
Census tract,Tract 8369,17031836900,1439,-87.70613620,41.88188310,74.50710683172856,19.480786415044733
Census tract,Tract 8370,17031837000,2042,-87.69867390,41.87832330,19.15444348576359,4.885937988014732
Census tract,Tract 8371,17031837100,1652,-87.69872040,41.88567360,24.179292929292927,4.4454120772201895
Census tract,Tract 8373,17031837300,2489,-87.70555240,41.87161910,41.74707973590655,7.850379207964395
Census tract,Tract 8374,17031837400,1990,-87.69380130,41.87597450,46.557040082219935,11.726110044355128
Census tract,Tract 8378,17031837800,2837,-87.68412720,41.88475040,33.16892725030826,7.371985882349045
Census tract,Tract 8380,17031838000,2651,-87.68065210,41.87736660,42.58716194200065,13.132292042750953
Census tract,Tract 8381,17031838100,1821,-87.67169280,41.87867000,23.9572192513369,3.748690646608418
Census tract,Tract 8382,17031838200,1675,-87.67512600,41.87041490,14.313725490196076,3.2497179062572346
Census tract,Tract 8383,17031838300,2580,-87.63840390,41.90156650,12.864321608040202,4.785197508737418
Census tract,Tract 8386,17031838600,1518,-87.70082360,41.86782330,42.22674813306178,15.51281512306413
Census tract,Tract 8387,17031838700,4132,-87.72018510,41.86257750,47.79980657640232,16.12905147309698
Census tract,Tract 8388,17031838800,3102,-87.57406110,41.68340420,44.616026711185306,9.863163727247889
Census tract,Tract 8390,17031839000,10435,-87.63130780,41.87148630,15.946843853820598,3.9901071476884495
Census tract,Tract 8391,17031839100,8234,-87.63307030,41.88098570,9.002261164499718,2.303754505142832
Census tract,Tract 8392,17031839200,2749,-87.62203620,41.84201080,23.355119825708066,5.638587176070677
Census tract,Tract 8395,17031839500,1590,-87.61929190,41.83409750,12.580456407255705,2.697319327410109
Census tract,Tract 8396,17031839600,1729,-87.61924860,41.82744280,21.07164358819988,5.155788521865674
Census tract,Tract 8397,17031839700,4545,-87.65194880,41.83365080,9.332244231161935,3.0346493991570935
Census tract,Tract 8398,17031839800,2686,-87.64316230,41.83506740,18.12886785584274,6.5254880159001605
Census tract,Tract 8399,17031839900,4431,-87.64845400,41.82734590,9.89492119089317,2.3634621481101035
Census tract,Tract 8400,17031840000,3001,-87.63840530,41.83143690,19.87032799389779,8.419454090396364
Census tract,Tract 8401,17031840100,3029,-87.63920300,41.84183080,17.88815560958666,7.740837580111626
Census tract,Tract 8402,17031840200,2497,-87.64920960,41.84464760,29.422301836094935,6.929597551250641
Census tract,Tract 8403,17031840300,4196,-87.68188130,41.83209700,18.23562570462232,4.553882876573765
Census tract,Tract 8404,17031840400,3369,-87.66716160,41.83392640,9.106830122591944,3.7969204634868285
Census tract,Tract 8407,17031840700,3900,-87.69426660,41.85293020,7.261306532663317,2.9999086801460155
Census tract,Tract 8408,17031840800,3332,-87.70737100,41.84083290,17.90569858258606,5.303292357907292
Census tract,Tract 8410,17031841000,1136,-87.61019830,41.84754440,19.84375,5.513223011291958
Census tract,Tract 8411,17031841100,7356,-87.63566120,41.85164380,20.070999453850355,5.86370860333424
Census tract,Tract 8412,17031841200,4873,-87.68334200,41.85556180,17.126298960831335,5.716459078999529
Census tract,Tract 8413,17031841300,4173,-87.68420250,41.84397740,19.071644803229063,6.2238585263197
Census tract,Tract 8415,17031841500,2904,-87.70791320,41.86162240,39.64828137490008,11.309340995864822
Census tract,Tract 8417,17031841700,1509,-87.70418190,41.85313020,16.413130504403522,5.965434666851936
Census tract,Tract 8418,17031841800,2404,-87.59942030,41.76630630,18.048128342245988,5.1779541079119875
Census tract,Tract 8419,17031841900,6500,-87.64296480,41.86845780,15.074980268350435,2.571779661091857
Census tract,Tract 8420,17031842000,2590,-87.62517020,41.83496000,16.319129646418858,7.932975254725367
Census tract,Tract 8421,17031842100,6650,-87.73361030,41.89527850,21.346981160065276,7.144046706538721
Census tract,Tract 8422,17031842200,4212,-87.64921990,41.90472790,7.82768584187024,3.2381589917409905
Census tract,Tract 8423,17031842300,3529,-87.66063980,41.90972360,7.593123209169055,2.8837339703904226
Census tract,Tract 8424,17031842400,3041,-87.63007060,41.74242580,9.562171628721542,4.511494244175757
Census tract,Tract 8425,17031842500,2644,-87.62321570,41.77695060,29.060665362035227,9.434056379269055
Census tract,Tract 8426,17031842600,4245,-87.65169510,41.81621860,17.736206488278476,5.283817706630053
Census tract,Tract 8428,17031842800,7637,-87.69830440,41.80753390,19.673458372689247,5.9284649828659335
Census tract,Tract 8429,17031842900,2480,-87.67293710,41.86313890,42.32039636663914,9.005358758684155
Census tract,Tract 8430,17031843000,2880,-87.72274890,41.86793650,31.21669626998224,11.730559908380789
Census tract,Tract 8431,17031843100,1747,-87.69945290,41.86260170,32.440260680666185,7.062895004860976
Census tract,Tract 8432,17031843200,2422,-87.66421690,41.84871530,17.002341920374707,4.387822317796219
Census tract,Tract 8433,17031843300,1572,-87.69255030,41.86376380,24.29344558027661,4.909385014345048
Census tract,Tract 8434,17031843400,1524,-87.73202180,41.84932740,37.45113369820172,11.663057017360098
Census tract,Tract 8435,17031843500,6030,-87.69756610,41.84098340,13.31967213114754,6.162734171762991
Census tract,Tract 8436,17031843600,3089,-87.60894880,41.80676530,15.93813046402152,3.5555344173623693
Census tract,Tract 8437,17031843700,2544,-87.69003400,41.94556040,5.265180630284397,2.151001711995949
Census tract,Tract 8438,17031843800,2000,-87.64047560,41.80165660,18.62244897959184,4.779561581667483
Census tract,Tract 8439,17031843900,3666,-87.57613030,41.77899320,23.4375,4.913060324909866
Census tract,Tract 8446,17031844600,1776,-87.62544370,41.81338520,25.34031413612565,5.49992561225326
Census tract,Tract 8447,17031844700,2342,-87.71170020,41.85414730,31.84768498485504,7.765259769807412
Census tract,Tract 8400,17043840000,2835,-87.93440530,41.96865060,6.744687403757315,2.293823847094104
Census tract,Tract 8408.01,17043840801,2621,-87.93161770,41.95179610,3.1429836210712705,1.3897543484678185
